<?xml version="1.0" encoding="utf-8" ?>
<root>
	<joystick name="Flight Throttle Quadrant (HID)-1699-3117">
		<aircraft name="Airbus A320neo">
			<axis0>
				<event>AXIS_SPOILER_SET</event>
				<min>-16383</min>
				<max>16383</max>
				<inverted>False</inverted>
			</axis0>
			<axis1>
				<event>THROTTLE1_SET</event>
				<min>-16383</min>
				<max>16383</max>
				<inverted>True</inverted>
			</axis1>
			<axis2>
				<event>THROTTLE2_SET</event>
				<min>-16383</min>
				<max>16383</max>
				<inverted>True</inverted>
			</axis2>
			<button0>
				<eventON>TOGGLE_BEACON_LIGHTS</eventON>
				<axis_link>0</axis_link>
				<is_switch>False</is_switch>
			</button0>
		</aircraft>
		<aircraft name="Aerosoft Twin Otter">
			<axis0>
				<event>THROTTLE1_SET</event>
				<min>-5000</min>
				<max>16383</max>
				<inverted>True</inverted>
			</axis0>
			<axis1>
				<event>THROTTLE2_SET</event>
				<min>-5000</min>
				<max>16383</max>
				<inverted>True</inverted>
			</axis1>
			<axis2>
				<event>AXIS_PROPELLER_SET</event>
				<min>-16383</min>
				<max>16383</max>
				<inverted>True</inverted>
			</axis2>
			<button0>
				<eventON>Mobiflight.ASDHC6_COND1_ON</eventON>
				<axis_link></axis_link>
				<is_switch>False</is_switch>
			</button0>
			<button1>
				<eventON>Mobiflight.ASDHC6_COND1_OFF</eventON>
				<axis_link></axis_link>
				<is_switch>False</is_switch>
			</button1>
			<button2>
				<eventON>Mobiflight.ASDHC6_COND2_ON</eventON>
				<axis_link></axis_link>
				<is_switch>False</is_switch>
			</button2>
			<button3>
				<eventON>Mobiflight.ASDHC6_COND2_OFF</eventON>
				<axis_link></axis_link>
				<is_switch>False</is_switch>
			</button3>
			<button8>
				<eventON>PROP_PITCH_DECR</eventON>
				<axis_link>2</axis_link>
				<is_switch>False</is_switch>
			</button8>
		</aircraft>
		<aircraft name="Cessna Citation CJ4">
			<axis0>
				<event>AXIS_SPOILER_SET</event>
				<min>-16383</min>
				<max>16383</max>
				<inverted>False</inverted>
			</axis0>
			<axis1>
				<event>THROTTLE1_SET</event>
				<min>0</min>
				<max>16383</max>
				<inverted>True</inverted>
			</axis1>
			<axis2>
				<event>THROTTLE2_SET</event>
				<min>0</min>
				<max>16383</max>
				<inverted>True</inverted>
			</axis2>
		</aircraft>
		<aircraft name="Aerosoft CRJ">
			<axis0>
				<event>AXIS_SPOILER_SET</event>
				<min>-16383</min>
				<max>16383</max>
				<inverted>False</inverted>
			</axis0>
			<axis1>
				<event>THROTTLE1_AXIS_SET_EX1</event>
				<min>-16383</min>
				<max>16383</max>
				<inverted>True</inverted>
			</axis1>
			<axis2>
				<event>THROTTLE2_AXIS_SET_EX1</event>
				<min>-16383</min>
				<max>16383</max>
				<inverted>True</inverted>
			</axis2>
		</aircraft>
		<aircraft name="Asobo Stock Aircraft G1000">
			<axis0>
				<event>THROTTLE_SET</event>
				<min>0</min>
				<max>16383</max>
				<inverted>True</inverted>
			</axis0>
			<axis1>
				<event>MIXTURE_SET</event>
				<min>0</min>
				<max>16383</max>
				<inverted>True</inverted>
			</axis1>
			<axis2>
				<event>AXIS_PROPELLER_SET</event>
				<min>-16383</min>
				<max>16383</max>
				<inverted>True</inverted>
			</axis2>
		</aircraft>
		<aircraft name="Milviz PC-6">
			<axis0>
				<event>THROTTLE_SET</event>
				<min>0</min>
				<max>16383</max>
				<inverted>True</inverted>
			</axis0>
			<axis1>
				<event>AXIS_PROPELLER_SET</event>
				<min>-16383</min>
				<max>16383</max>
				<inverted>True</inverted>
			</axis1>
			<axis2>
				<event>MIXTURE_SET</event>
				<min>0</min>
				<max>16383</max>
				<inverted>True</inverted>
			</axis2>
			<button6>
				<eventON>DECREASE_THROTTLE</eventON>
				<axis_link>0</axis_link>
				<is_switch>False</is_switch>
			</button6>
			<button7>
				<eventON>PROP_PITCH_DECR</eventON>
				<axis_link>1</axis_link>
				<is_switch>False</is_switch>
			</button7>
		</aircraft>
		<aircraft name="Quest Kodiak 100">
			<axis0>
				<event>THROTTLE_SET</event>
				<min>0</min>
				<max>16383</max>
				<inverted>True</inverted>
			</axis0>
			<axis1>
				<event>AXIS_PROPELLER_SET</event>
				<min>-16383</min>
				<max>16383</max>
				<inverted>True</inverted>
			</axis1>
			<axis2>
				<event>MIXTURE_SET</event>
				<min>0</min>
				<max>16383</max>
				<inverted>True</inverted>
			</axis2>
			<button6>
				<eventON>DECREASE_THROTTLE</eventON>
				<axis_link>0</axis_link>
				<is_switch>False</is_switch>
			</button6>
			<button7>
				<eventON>PROP_PITCH_DECR</eventON>
				<axis_link>1</axis_link>
				<is_switch>False</is_switch>
			</button7>
		</aircraft>
	</joystick>
	<joystick name="HID-spelbesturing-9025-32823">
		<aircraft name="Asobo Stock Aircraft G1000">
			<button0>
				<eventON>MASTER_BATTERY_SET</eventON>
				<axis_link></axis_link>
				<is_switch>True</is_switch>
			</button0>
			<button1>
				<eventON>ALTERNATOR_SET</eventON>
				<axis_link></axis_link>
				<is_switch>True</is_switch>
			</button1>
			<button2>
				<eventON>AVIONICS_MASTER_SET</eventON>
				<axis_link></axis_link>
				<is_switch>True</is_switch>
			</button2>
			<button3>
				<eventON>PITOT_HEAT_SET</eventON>
				<axis_link></axis_link>
				<is_switch>True</is_switch>
			</button3>
			<button4>
				<eventON>WINDSHIELD_DEICE_SET</eventON>
				<axis_link></axis_link>
				<is_switch>True</is_switch>
			</button4>
		</aircraft>
		<aircraft name="Quest Kodiak 100">
			<button0>
				<eventON>MASTER_BATTERY_SET</eventON>
				<axis_link></axis_link>
				<is_switch>True</is_switch>
			</button0>
			<button1>
				<eventON>ALTERNATOR_SET</eventON>
				<axis_link></axis_link>
				<is_switch>True</is_switch>
			</button1>
			<button2>
				<eventON>AVIONICS_MASTER_SET</eventON>
				<axis_link></axis_link>
				<is_switch>True</is_switch>
			</button2>
			<button3>
				<eventON>PITOT_HEAT_SET</eventON>
				<axis_link></axis_link>
				<is_switch>True</is_switch>
			</button3>
			<button4>
				<eventON>WINDSHIELD_DEICE_SET</eventON>
				<axis_link></axis_link>
				<is_switch>True</is_switch>
			</button4>
		</aircraft>
		<aircraft name="Cessna Citation CJ4">
			<button0>
				<eventON>MASTER_BATTERY_SET</eventON>
				<axis_link></axis_link>
				<is_switch>True</is_switch>
			</button0>
			<button1>
				<eventON>ALTERNATOR_SET</eventON>
				<axis_link></axis_link>
				<is_switch>True</is_switch>
			</button1>
			<button2>
				<eventON>AVIONICS_MASTER_SET</eventON>
				<axis_link></axis_link>
				<is_switch>True</is_switch>
			</button2>
			<button3>
				<eventON>PITOT_HEAT_SET</eventON>
				<axis_link></axis_link>
				<is_switch>True</is_switch>
			</button3>
			<button4>
				<eventON>WINDSHIELD_DEICE_SET</eventON>
				<axis_link></axis_link>
				<is_switch>True</is_switch>
			</button4>
		</aircraft>
		<aircraft name="Aerosoft Twin Otter">
			<button0>
				<eventON>Mobiflight.ASDHC6_DC_MASTER_TOGGLE</eventON>
				<axis_link></axis_link>
				<is_switch>True</is_switch>
			</button0>
			<button1>
				<eventON>Mobiflight.ASDHC6_GENERATORS_TOGGLE</eventON>
				<axis_link></axis_link>
				<is_switch>True</is_switch>
			</button1>
			<button2>
				<eventON>AVIONICS_MASTER_SET</eventON>
				<axis_link></axis_link>
				<is_switch>True</is_switch>
			</button2>
			<button3>
				<eventON>Mobiflight.ASDHC6_PITOT_TOGGLE</eventON>
				<axis_link></axis_link>
				<is_switch>True</is_switch>
			</button3>
			<button4>
				<eventON>Mobiflight.ASDHC6_WINDOW_HEAT_TOGGLE</eventON>
				<axis_link></axis_link>
				<is_switch>True</is_switch>
			</button4>
		</aircraft>
		<aircraft name="Airbus A320neo">
			<button0>
				<eventON>Mobiflight.A32NX_BAT_TOGGLE</eventON>
				<axis_link></axis_link>
				<is_switch>True</is_switch>
			</button0>
			<button1>
				<eventON>Mobiflight.A32NX_OH_ELEC_EXTPWR_TOG</eventON>
				<axis_link></axis_link>
				<is_switch>True</is_switch>
			</button1>
		</aircraft>
	</joystick>
	<joystick name="HID-spelbesturing-1103-1029">
		<aircraft name="Airbus A320neo">
			<button0>
				<eventON>Mobiflight.A32NX_BAT_TOGGLE</eventON>
				<axis_link></axis_link>
				<is_switch>False</is_switch>
			</button0>
			<button1>
				<eventON>Mobiflight.A32NX_BAT_ON</eventON>
				<eventOFF>Mobiflight.A32NX_BAT_OFF</eventOFF>
				<axis_link></axis_link>
				<is_switch>True</is_switch>
			</button1>
		</aircraft>
	</joystick>
</root>
