<?xml version="1.0" encoding="utf-8" ?>
<root>
	<profile name="Aerosoft Twin Otter">
		<title>Aerosoft DHC-6 Series 300 Wheels Cargo 3-Blade</title>
		<title>Aerosoft DHC-6 Series 300 Wheels REX Airlines</title>
		<title>Aerosoft DHC-6 Series 300 Wheels Pax Canadian Forces 1954</title>
		<title>Aerosoft DHC-6 Series 100 Wheels Pax</title>
		<title>Aerosoft DHC-6 Series 300</title>
		<title>Aerosoft DHC6-300 Wheels Buffalo C-GFYN</title>
		<title>Flybe </title>
		<title>Aerosoft DHC-6 Series 300 Wheels Pax Canadian Forces JM-1954</title>
		<title>Aerosoft DHC-6 Series 300 Wheels Pax</title>
		<title>Aerosoft DHC-6 Inter Caribbean</title>
	</profile>
	<profile name="Milviz PC-6">
		<title>Turbo Porter EC-JXH Glass</title>
		<title>Turbo Porter S5-CMA Glass</title>
		<title>Turbo Porter ZS-PCS</title>
		<title>Blackbird Turbo Porter EC-JXH Wheels Analog</title>
		<title>Blackbird Turbo Porter EC-JXH Wheels Glass</title>
	</profile>
	<profile name="Airbus A320neo">
		<title>FWB EUROWINGS ABFO</title>
		<title>Airbus A320neo Easyjet</title>
		<title>Airbus A320neo Lufthansa</title>
		<title>FWB Swiss HB-JDA</title>
		<title>Airbus A32NX British Airways</title>
		<title>Airbus A320neo TAP CS-TVG</title>
		<title>Airbus A32NX Austrian 2019</title>
		<title>Airbus A32NX Austrian Airlines OE-LBU Dibraze</title>
	</profile>
	<profile name="Asobo Stock Aircraft G1000">
		<title>Cessna Skyhawk G1000 Skis Asobo</title>
		<title>Cessna Skyhawk G1000 Asobo</title>
		<title>Bonanza G36 Asobo</title>
		<title>Cessna 152 Asobo</title>
		<title>Blackbird Simulations DHC-2 Beaver Wheels N471PM</title>
		<title>Blackbird Simulations DHC-2 Beaver Wheels G-EVMK</title>
	</profile>
	<profile name="Cessna Citation CJ4">
		<title>Cessna CJ4 Citation Asobo</title>
		<title>Cessna CJ4 Citation Kenmore Livery</title>
		<title>Cessna CJ4 Citation N325CJ</title>
		<title>Cessna Citation CJ1</title>
	</profile>
	<profile name="Quest Kodiak 100">
		<title>Kodiak 100 Factory paint A5</title>
		<title>Kodiak 100 Factory paint A1</title>
		<title>Kodiak 100 tundra tyres, Safari Wings</title>
		<title>Kodiak 100 Safari Wings</title>
		<title>Kodiak 100 Legacy Livery 6</title>
		<title>Kodiak 100 Aviation Sans Frontieres</title>
		<title>Kodiak 100 Ethnos 360</title>
		<title>Kodiak 100 Factory paint A7</title>
		<title>Kodiak 100 Factory paint A4</title>
		<title>Kodiak 100 Factory paint B3 2021</title>
		<title>Kodiak 100 cargo pod, Legacy Livery 3</title>
	</profile>
	<profile name="Aerosoft CRJ">
		<title>CRJ900 Lufthansa Cityline D-ACNM</title>
		<title>CRJ900 Lufthansa Cityline D-ACNU</title>
		<title>CRJ1000 Air France HOP! F-HMLH</title>
		<title>CRJ700ER Lufthansa Regional D-ACSB</title>
		<title>CRJ700ER AirFrance HOP! F-GRZH</title>
		<title>KLM CityHopper</title>
	</profile>
	<profile name="Asobo Stock Aircraft G3X">
		<title>Asobo XCub Floats</title>
	</profile>
	<profile name="TBM930">
		<title>TBM 930 Asobo</title>
		<title>Socata TBM 930 (MSFS)</title>
	</profile>
	<profile name="Boeing 247D">
		<title>Boeing 247D United Air Lines (1941)</title>
		<title>Boeing 247D Wing42</title>
	</profile>
	<profile name="Asobo Stock Aircraft G3000">
		<title>Savage Carbon - Batman</title>
	</profile>
	<profile name="Flysimware Cessna 414">
		<title>Cessna 414AW N427RC GNS530</title>
		<title>Cessna 414AW N100JD GNS530</title>
		<title>Cessna 414AW N5AM GNS530</title>
		<title>Cessna 414AW N5AM GTN750</title>
		<title>Cessna 414A Chancellor</title>
		<title>Cessna 414AW N427RC PMS50 GTN750</title>
		<title>Cessna 414AW N427RC PMS50 GTN750+WT</title>
		<title>Cessna 414AW N5AM PMS50 GTN750+WT</title>
		<title>Flysimware C414AW N427RC PMS50 GTN750+WT</title>
		<title>Flysimware C414AW N100JD PMS50 GTN750+WT</title>
		<title>Flysimware C414AW N414XX PMS50 GTN750+WT</title>
		<title>Flysimware C414AW N100JD PMS50 GTN750</title>
		<title>Flysimware C414AW N100JD GNS530</title>
	</profile>
	<profile name="Just Flight Turbo Arrow">
		<title>Just Flight PA28 Turbo Arrow IV D-EAIV</title>
		<title>Just Flight PA28 Turbo Arrow IV G-BOGM</title>
		<title>Just Flight PA28 Turbo Arrow IV Custom</title>
	</profile>
	<profile name="Just Flight BAe 146 - before engine start">
		<title>Just Flight 146-200 Cobham Aviation</title>
		<title>Just Flight 146-300 KLM UK</title>
		<title>Just Flight 146-300 Flybe</title>
		<title>Just Flight 146-300 British Airways</title>
		<title>Just Flight 146-300 Aer Lingus</title>
	</profile>
	<profile name="PMDG Boeing 737">
		<title>PMDG 737-700 KLM Royal Dutch Airlines (PH-BGG </title>
		<title>PMDG 737-700 Transavia (PH-XRX </title>
		<title>PMDG 737-800 KLM Royal Dutch Airlines (PH-BCA </title>
		<title>PMDG 737-800 Transavia (PH-HXK </title>
		<title>PMDG 737-700BBJ PH-GOV</title>
	</profile>
	<profile name="Fenix A320">
		<title>FenixA320_AFLVPBDK</title>
		<title>FenixA320_DLHDAIZI</title>
		<title>FenixA320_EWGDABHG</title>
		<title>FenixA320_ACACFXCD</title>
		<title>FenixA320_AFRFGKXR</title>
		<title>FenixA320_ITYEIDTE</title>
		<title>FenixA320</title>
		<title>FenixA320_ITYEIDTE_4K</title>
		<title>FenixA320_AUAOELBK_4K</title>
		<title>FenixA320_DLHDAIZI_4K</title>
		<title>FenixA320_BELOOSNI_4K</title>
		<title>FenixA320_AFRFHBNK_4K</title>
		<title>FenixA320_BAWGBUSK_4K</title>
		<title>FenixA320_SWRHBIJS_4K</title>
	</profile>
	<profile name="British Normander">
		<title>Britten Norman Islander BN2B Skybus</title>
		<title>Britten Norman Islander BA LANDOR</title>
		<title>Britten Norman Islander BN2BA OLT</title>
		<title>Britten Norman Islander BN2B Shetland</title>
	</profile>
	<profile name="MSFS Bonanza V35">
		<title>Beechcraft V35B Bonanza N9609T</title>
		<title>Beechcraft V35B Bonanza N829K</title>
	</profile>
	<profile name="Diamond 62">
		<title>DA 62 Kenmore Livery</title>
	</profile>
	<profile name="Hondajet">
		<title>HJET HA420 Red</title>
		<title>HJET HA420 Silver</title>
		<title>HJET HA420 AlphaTauri</title>
		<title>HJET HA420 AEROSOAR</title>
		<title>HJET HA420 PH-JET</title>
		<title>HJET HA420 D-IVVV</title>
	</profile>
	<profile name="Bell 407">
		<title>Bell 407 Blue Stripes</title>
		<title>Bell 407 Black-Orange</title>
	</profile>
	<profile name="Guimbal Cabri G2">
		<title>Asobo Cabri G2</title>
		<title>Robinson R22</title>
	</profile>
	<profile name="Airbus A310">
		<title>A310-300 White Livery</title>
		<title>Airbus A310-300 KLM (PH-AGA)</title>
		<title>Airbus A310-300 Martinair Holland (PH-MCA)</title>
		<title>Airbus A310-300 Lufthansa (D-AIDD)</title>
		<title>Airbus A310-300 Midwest Airlines (SU-MWA)</title>
		<title>Airbus A310-300 Lufthansa (D-AIDM)</title>
	</profile>
	<profile name="Cessna Citation Longitude">
		<title>Cessna Longitude Asobo</title>
		<title>Cessna Longitude 01 Livery</title>
	</profile>
	<profile name="Just Flight BAe 146">
		<title>Just Flight 146-100 PSA</title>
	</profile>
</root>
