<?xml version="1.0" encoding="utf-8" ?>
<root>
	<joystick name="Flight Throttle Quadrant (HID)-1699-3117">
		<aircraft name="Airbus A320neo">
			<axis0>
				<event>AXIS_SPOILER_SET</event>
				<min>-16383</min>
				<max>16383</max>
				<inverted>False</inverted>
			</axis0>
			<axis1>
				<event>THROTTLE1_SET</event>
				<min>-16383</min>
				<max>16383</max>
				<inverted>True</inverted>
			</axis1>
			<axis2>
				<event>THROTTLE2_SET</event>
				<min>-16383</min>
				<max>16383</max>
				<inverted>True</inverted>
			</axis2>
			<button0>
				<eventON>TOGGLE_BEACON_LIGHTS</eventON>
				<axis_link>0</axis_link>
				<is_switch>False</is_switch>
			</button0>
		</aircraft>
		<aircraft name="Aerosoft Twin Otter">
			<axis0>
				<event>THROTTLE1_SET</event>
				<min>-5000</min>
				<max>16383</max>
				<inverted>True</inverted>
			</axis0>
			<axis1>
				<event>THROTTLE2_SET</event>
				<min>-5000</min>
				<max>16383</max>
				<inverted>True</inverted>
			</axis1>
			<axis2>
				<event>AXIS_PROPELLER_SET</event>
				<min>-16383</min>
				<max>16383</max>
				<inverted>True</inverted>
			</axis2>
			<button0>
				<eventON>Mobiflight.ASDHC6_COND1_ON</eventON>
				<axis_link></axis_link>
				<is_switch>False</is_switch>
			</button0>
			<button1>
				<eventON>Mobiflight.ASDHC6_COND1_OFF</eventON>
				<axis_link></axis_link>
				<is_switch>False</is_switch>
			</button1>
			<button2>
				<eventON>Mobiflight.ASDHC6_COND2_ON</eventON>
				<axis_link></axis_link>
				<is_switch>False</is_switch>
			</button2>
			<button3>
				<eventON>Mobiflight.ASDHC6_COND2_OFF</eventON>
				<axis_link></axis_link>
				<is_switch>False</is_switch>
			</button3>
			<button8>
				<eventON>PROP_PITCH_DECR</eventON>
				<axis_link>2</axis_link>
				<is_switch>False</is_switch>
			</button8>
		</aircraft>
		<aircraft name="Cessna Citation CJ4">
			<axis0>
				<event>AXIS_SPOILER_SET</event>
				<min>-16383</min>
				<max>16383</max>
				<inverted>False</inverted>
			</axis0>
			<axis1>
				<event>THROTTLE1_SET</event>
				<min>0</min>
				<max>16383</max>
				<inverted>True</inverted>
			</axis1>
			<axis2>
				<event>THROTTLE2_SET</event>
				<min>0</min>
				<max>16383</max>
				<inverted>True</inverted>
			</axis2>
		</aircraft>
		<aircraft name="PMDG Boeing 737">
			<axis0>
				<event>AXIS_SPOILER_SET</event>
				<min>-16383</min>
				<max>16383</max>
				<inverted>False</inverted>
			</axis0>
			<axis1>
				<event>THROTTLE1_SET</event>
				<min>0</min>
				<max>16383</max>
				<inverted>True</inverted>
			</axis1>
			<axis2>
				<event>THROTTLE2_SET</event>
				<min>0</min>
				<max>16383</max>
				<inverted>True</inverted>
			</axis2>
			<button2>
				<eventON>Mobiflight.737_ENG1_FUEL_TOGGLE</eventON>
				<axis_link></axis_link>
				<is_switch>False</is_switch>
			</button2>
			<button4>
				<eventON>Mobiflight.737_ENG2_FUEL_TOGGLE</eventON>
				<axis_link></axis_link>
				<is_switch>False</is_switch>
			</button4>
			<button7>
				<eventON>DECREASE_THROTTLE</eventON>
				<axis_link>1</axis_link>
				<is_switch>False</is_switch>
			</button7>
		</aircraft>
		<aircraft name="Aerosoft CRJ">
			<axis0>
				<event>AXIS_SPOILER_SET</event>
				<min>-16383</min>
				<max>16383</max>
				<inverted>False</inverted>
			</axis0>
			<axis1>
				<event>THROTTLE1_AXIS_SET_EX1</event>
				<min>-16383</min>
				<max>16383</max>
				<inverted>True</inverted>
			</axis1>
			<axis2>
				<event>THROTTLE2_AXIS_SET_EX1</event>
				<min>-16383</min>
				<max>16383</max>
				<inverted>True</inverted>
			</axis2>
			<button2>
				<eventON>Mobiflight.ASCRJ_REV_1_ARM_SWITCH_TOGGLE</eventON>
				<axis_link></axis_link>
				<is_switch>False</is_switch>
			</button2>
			<button3>
				<eventON>Mobiflight.ASCRJ_REV_1_ARM_SWITCH_TOGGLE</eventON>
				<axis_link></axis_link>
				<is_switch>False</is_switch>
			</button3>
			<button4>
				<eventON>Mobiflight.ASCRJ_REV_2_ARM_SWITCH_TOGGLE</eventON>
				<axis_link></axis_link>
				<is_switch>False</is_switch>
			</button4>
			<button5>
				<eventON>Mobiflight.ASCRJ_REV_2_ARM_SWITCH_TOGGLE</eventON>
				<axis_link></axis_link>
				<is_switch>False</is_switch>
			</button5>
		</aircraft>
		<aircraft name="Asobo Stock Aircraft G1000">
			<axis0>
				<event>THROTTLE_SET</event>
				<min>0</min>
				<max>16383</max>
				<inverted>True</inverted>
			</axis0>
			<axis1>
				<event>AXIS_PROPELLER_SET</event>
				<min>-16383</min>
				<max>16383</max>
				<inverted>True</inverted>
			</axis1>
			<axis2>
				<event>MIXTURE_SET</event>
				<min>0</min>
				<max>16383</max>
				<inverted>True</inverted>
			</axis2>
		</aircraft>
		<aircraft name="Just Flight Turbo Arrow">
			<axis0>
				<event>THROTTLE_SET</event>
				<min>0</min>
				<max>16383</max>
				<inverted>True</inverted>
			</axis0>
			<axis1>
				<event>AXIS_PROPELLER_SET</event>
				<min>-16383</min>
				<max>16383</max>
				<inverted>True</inverted>
			</axis1>
			<axis2>
				<event>MIXTURE_SET</event>
				<min>0</min>
				<max>16383</max>
				<inverted>True</inverted>
			</axis2>
		</aircraft>
		<aircraft name="Boeing 247D">
			<axis0>
				<event>FSUIPC.ENG PROPELLER 1</event>
				<min>0</min>
				<max>100</max>
				<inverted>True</inverted>
				<event2>FSUIPC.ENG PROPELLER 2</event2>
				<min2>0</min2>
				<max2>100</max2>
				<inverted2>True</inverted2>
			</axis0>
			<axis1>
				<event>FSUIPC.ENG THROTTLE 1</event>
				<min>0</min>
				<max>100</max>
				<inverted>True</inverted>
			</axis1>
			<axis2>
				<event>FSUIPC.ENG THROTTLE 2</event>
				<min>0</min>
				<max>100</max>
				<inverted>True</inverted>
			</axis2>
			<button0>
				<eventON>Mobiflight.B247D_OIL_SHUTTER_LEVER_UP</eventON>
				<axis_link></axis_link>
				<is_switch>False</is_switch>
			</button0>
			<button1>
				<eventON>Mobiflight.B247D_OIL_SHUTTER_LEVER_DOWN</eventON>
				<axis_link></axis_link>
				<is_switch>False</is_switch>
			</button1>
			<button2>
				<eventON>Mobiflight.B247D_CARB_HEAT_LEVER_UP</eventON>
				<axis_link></axis_link>
				<is_switch>False</is_switch>
			</button2>
			<button3>
				<eventON>Mobiflight.B247D_CARB_HEAT_LEVER_DOWN</eventON>
				<axis_link></axis_link>
				<is_switch>False</is_switch>
			</button3>
			<button4>
				<eventON>Mobiflight.B247D_MIXTURE_UP</eventON>
				<axis_link></axis_link>
				<is_switch>False</is_switch>
			</button4>
			<button5>
				<eventON>Mobiflight.B247D_MIXTURE_DOWN</eventON>
				<axis_link></axis_link>
				<is_switch>False</is_switch>
			</button5>
		</aircraft>
		<aircraft name="TBM930">
			<axis0>
				<event>THROTTLE_SET</event>
				<min>0</min>
				<max>16383</max>
				<inverted>True</inverted>
			</axis0>
			<axis1>
				<event>MIXTURE_SET</event>
				<min>0</min>
				<max>16383</max>
				<inverted>True</inverted>
				<event2>AXIS_PROPELLER_SET</event2>
				<min2>-16383</min2>
				<max2>16383</max2>
				<inverted2>True</inverted2>
			</axis1>
			<button6>
				<eventON>DECREASE_THROTTLE</eventON>
				<axis_link>0</axis_link>
				<is_switch>False</is_switch>
			</button6>
			<button7>
				<eventON>PROP_PITCH_DECR</eventON>
				<axis_link>1</axis_link>
				<is_switch>False</is_switch>
			</button7>
			<button8>
				<eventON>TOGGLE_FUEL_VALVE_ALL</eventON>
				<eventOFF>TOGGLE_FUEL_VALVE_ALL</eventOFF>
				<axis_link></axis_link>
				<is_switch>True</is_switch>
			</button8>
		</aircraft>
		<aircraft name="Asobo Stock Aircraft G3X">
			<axis0>
				<event>THROTTLE_SET</event>
				<min>0</min>
				<max>16383</max>
				<inverted>True</inverted>
			</axis0>
			<axis1>
				<event>AXIS_PROPELLER_SET</event>
				<min>-16383</min>
				<max>16383</max>
				<inverted>True</inverted>
			</axis1>
			<axis2>
				<event>MIXTURE_SET</event>
				<min>0</min>
				<max>16383</max>
				<inverted>True</inverted>
			</axis2>
		</aircraft>
		<aircraft name="Milviz PC-6">
			<axis0>
				<event>THROTTLE1_SET</event>
				<min>0</min>
				<max>16383</max>
				<inverted>True</inverted>
			</axis0>
			<axis1>
				<event>AXIS_PROPELLER_SET</event>
				<min>-16383</min>
				<max>16383</max>
				<inverted>True</inverted>
			</axis1>
			<axis2>
				<event>MIXTURE_SET</event>
				<min>0</min>
				<max>16383</max>
				<inverted>True</inverted>
			</axis2>
			<button6>
				<eventON>DECREASE_THROTTLE</eventON>
				<axis_link>0</axis_link>
				<is_switch>False</is_switch>
			</button6>
			<button7>
				<eventON>PROP_PITCH_DECR</eventON>
				<axis_link>1</axis_link>
				<is_switch>False</is_switch>
			</button7>
		</aircraft>
		<aircraft name="Quest Kodiak 100">
			<axis0>
				<event>THROTTLE_SET</event>
				<min>0</min>
				<max>16383</max>
				<inverted>True</inverted>
			</axis0>
			<axis1>
				<event>AXIS_PROPELLER_SET</event>
				<min>-16383</min>
				<max>16383</max>
				<inverted>True</inverted>
			</axis1>
			<axis2>
				<event>MIXTURE_SET</event>
				<min>0</min>
				<max>16383</max>
				<inverted>True</inverted>
			</axis2>
			<button6>
				<eventON>DECREASE_THROTTLE</eventON>
				<axis_link>0</axis_link>
				<is_switch>False</is_switch>
			</button6>
			<button7>
				<eventON>PROP_PITCH_DECR</eventON>
				<axis_link>1</axis_link>
				<is_switch>False</is_switch>
			</button7>
		</aircraft>
		<aircraft name="Asobo Stock Aircraft G3000">
			<axis0>
				<event>THROTTLE_SET</event>
				<min>0</min>
				<max>16383</max>
				<inverted>True</inverted>
			</axis0>
			<axis1>
				<event>AXIS_PROPELLER_SET</event>
				<min>-16383</min>
				<max>16383</max>
				<inverted>True</inverted>
			</axis1>
			<axis2>
				<event>MIXTURE_SET</event>
				<min>0</min>
				<max>16383</max>
				<inverted>True</inverted>
			</axis2>
		</aircraft>
		<aircraft name="Flysimware Cessna 414">
			<axis0>
				<event>THROTTLE1_SET</event>
				<min>0</min>
				<max>16383</max>
				<inverted>True</inverted>
			</axis0>
			<axis1>
				<event>THROTTLE2_SET</event>
				<min>0</min>
				<max>16383</max>
				<inverted>True</inverted>
			</axis1>
			<axis2>
				<event>AXIS_PROPELLER_SET</event>
				<min>-16383</min>
				<max>16383</max>
				<inverted>True</inverted>
			</axis2>
		</aircraft>
		<aircraft name="Just Flight BAe 146">
			<axis0>
				<event>AXIS_SPOILER_SET</event>
				<min>-16383</min>
				<max>16383</max>
				<inverted>False</inverted>
			</axis0>
			<axis1>
				<event>THROTTLE1_SET</event>
				<min>-16383</min>
				<max>16383</max>
				<inverted>True</inverted>
				<event2>THROTTLE2_SET</event2>
				<min2>-16383</min2>
				<max2>16383</max2>
				<inverted2>True</inverted2>
			</axis1>
			<axis2>
				<event>THROTTLE3_SET</event>
				<min>-16383</min>
				<max>16383</max>
				<inverted>True</inverted>
				<event2>THROTTLE4_SET</event2>
				<min2>-16383</min2>
				<max2>16383</max2>
				<inverted2>True</inverted2>
			</axis2>
			<button2>
				<eventON>FSUIPC.PED_MID_Eng1_latch</eventON>
				<axis_link></axis_link>
				<is_switch>False</is_switch>
			</button2>
			<button3>
				<eventON>FSUIPC.PED_MID_Eng2_latch</eventON>
				<axis_link></axis_link>
				<is_switch>True</is_switch>
			</button3>
			<button4>
				<eventON>FSUIPC.PED_MID_Eng3_latch</eventON>
				<axis_link></axis_link>
				<is_switch>False</is_switch>
			</button4>
			<button5>
				<eventON>FSUIPC.PED_MID_Eng4_latch</eventON>
				<axis_link></axis_link>
				<is_switch>False</is_switch>
			</button5>
		</aircraft>
	</joystick>
	<joystick name="HID-spelbesturing-9025-32823">
		<aircraft name="Aerosoft CRJ">
			<button0>
				<eventON>Mobiflight.ASCRJ_ELEC_BATTMASTER_SWITCH_ON</eventON>
				<eventOFF>Mobiflight.ASCRJ_ELEC_BATTMASTER_SWITCH_OFF</eventOFF>
				<axis_link></axis_link>
				<is_switch>True</is_switch>
			</button0>
			<button5>
				<eventON>Mobiflight.ASCRJ_NW_STRG_ARMED</eventON>
				<eventOFF>Mobiflight.ASCRJ_NW_STRG_OFF</eventOFF>
				<axis_link></axis_link>
				<is_switch>True</is_switch>
			</button5>
		</aircraft>
		<aircraft name="PMDG Boeing 737">
			<button0>
				<eventON>Mobiflight.737_BATT_ON</eventON>
				<eventOFF>Mobiflight.737_BATT_OFF</eventOFF>
				<axis_link></axis_link>
				<is_switch>True</is_switch>
			</button0>
			<button3>
				<eventON>Mobiflight.737_PITOT_TOGGLE</eventON>
				<axis_link></axis_link>
				<is_switch>True</is_switch>
			</button3>
		</aircraft>
		<aircraft name="Asobo Stock Aircraft G1000">
			<button0>
				<eventON>MASTER_BATTERY_SET</eventON>
				<axis_link></axis_link>
				<is_switch>True</is_switch>
			</button0>
			<button1>
				<eventON>ALTERNATOR_SET</eventON>
				<axis_link></axis_link>
				<is_switch>True</is_switch>
			</button1>
			<button2>
				<eventON>AVIONICS_MASTER_SET</eventON>
				<axis_link></axis_link>
				<is_switch>True</is_switch>
			</button2>
			<button3>
				<eventON>PITOT_HEAT_SET</eventON>
				<axis_link></axis_link>
				<is_switch>True</is_switch>
			</button3>
			<button4>
				<eventON>WINDSHIELD_DEICE_SET</eventON>
				<axis_link></axis_link>
				<is_switch>True</is_switch>
			</button4>
		</aircraft>
		<aircraft name="Just Flight Turbo Arrow">
			<button0>
				<eventON>MASTER_BATTERY_SET</eventON>
				<axis_link></axis_link>
				<is_switch>True</is_switch>
			</button0>
			<button1>
				<eventON>ALTERNATOR_SET</eventON>
				<axis_link></axis_link>
				<is_switch>True</is_switch>
			</button1>
			<button2>
				<eventON>AVIONICS_MASTER_SET</eventON>
				<axis_link></axis_link>
				<is_switch>True</is_switch>
			</button2>
			<button3>
				<eventON>PITOT_HEAT_SET</eventON>
				<axis_link></axis_link>
				<is_switch>True</is_switch>
			</button3>
			<button4>
				<eventON>WINDSHIELD_DEICE_SET</eventON>
				<axis_link></axis_link>
				<is_switch>True</is_switch>
			</button4>
		</aircraft>
		<aircraft name="Asobo Stock Aircraft G3000">
			<button0>
				<eventON>MASTER_BATTERY_SET</eventON>
				<axis_link></axis_link>
				<is_switch>True</is_switch>
			</button0>
			<button1>
				<eventON>ALTERNATOR_SET</eventON>
				<axis_link></axis_link>
				<is_switch>True</is_switch>
			</button1>
			<button2>
				<eventON>AVIONICS_MASTER_SET</eventON>
				<axis_link></axis_link>
				<is_switch>True</is_switch>
			</button2>
			<button3>
				<eventON>PITOT_HEAT_SET</eventON>
				<axis_link></axis_link>
				<is_switch>True</is_switch>
			</button3>
			<button4>
				<eventON>WINDSHIELD_DEICE_SET</eventON>
				<axis_link></axis_link>
				<is_switch>True</is_switch>
			</button4>
			<button5>
				<eventON>Mobiflight.TOGGLE_PROPELLER_DEICE</eventON>
				<axis_link></axis_link>
				<is_switch>True</is_switch>
			</button5>
		</aircraft>
		<aircraft name="TBM930">
			<button0>
				<eventON>MASTER_BATTERY_SET</eventON>
				<axis_link></axis_link>
				<is_switch>True</is_switch>
			</button0>
			<button1>
				<eventON>ALTERNATOR_SET</eventON>
				<axis_link></axis_link>
				<is_switch>True</is_switch>
			</button1>
			<button2>
				<eventON>AVIONICS_MASTER_SET</eventON>
				<axis_link></axis_link>
				<is_switch>True</is_switch>
			</button2>
			<button3>
				<eventON>PITOT_HEAT_SET</eventON>
				<axis_link></axis_link>
				<is_switch>True</is_switch>
			</button3>
			<button4>
				<eventON>WINDSHIELD_DEICE_SET</eventON>
				<axis_link></axis_link>
				<is_switch>True</is_switch>
			</button4>
		</aircraft>
		<aircraft name="Asobo Stock Aircraft G3X">
			<button0>
				<eventON>MASTER_BATTERY_SET</eventON>
				<axis_link></axis_link>
				<is_switch>True</is_switch>
			</button0>
			<button1>
				<eventON>ALTERNATOR_SET</eventON>
				<axis_link></axis_link>
				<is_switch>True</is_switch>
			</button1>
			<button2>
				<eventON>AVIONICS_MASTER_SET</eventON>
				<axis_link></axis_link>
				<is_switch>True</is_switch>
			</button2>
			<button3>
				<eventON>PITOT_HEAT_SET</eventON>
				<axis_link></axis_link>
				<is_switch>True</is_switch>
			</button3>
			<button4>
				<eventON>WINDSHIELD_DEICE_SET</eventON>
				<axis_link></axis_link>
				<is_switch>True</is_switch>
			</button4>
		</aircraft>
		<aircraft name="Quest Kodiak 100">
			<button0>
				<eventON>MASTER_BATTERY_SET</eventON>
				<axis_link></axis_link>
				<is_switch>True</is_switch>
			</button0>
			<button1>
				<eventON>ALTERNATOR_SET</eventON>
				<axis_link></axis_link>
				<is_switch>True</is_switch>
			</button1>
			<button2>
				<eventON>AVIONICS_MASTER_SET</eventON>
				<axis_link></axis_link>
				<is_switch>True</is_switch>
			</button2>
			<button3>
				<eventON>PITOT_HEAT_SET</eventON>
				<axis_link></axis_link>
				<is_switch>True</is_switch>
			</button3>
			<button4>
				<eventON>WINDSHIELD_DEICE_SET</eventON>
				<axis_link></axis_link>
				<is_switch>True</is_switch>
			</button4>
		</aircraft>
		<aircraft name="Cessna Citation CJ4">
			<button0>
				<eventON>MASTER_BATTERY_SET</eventON>
				<axis_link></axis_link>
				<is_switch>True</is_switch>
			</button0>
			<button1>
				<eventON>ALTERNATOR_SET</eventON>
				<axis_link></axis_link>
				<is_switch>True</is_switch>
			</button1>
			<button2>
				<eventON>AVIONICS_MASTER_SET</eventON>
				<axis_link></axis_link>
				<is_switch>True</is_switch>
			</button2>
			<button3>
				<eventON>PITOT_HEAT_SET</eventON>
				<axis_link></axis_link>
				<is_switch>True</is_switch>
			</button3>
			<button4>
				<eventON>WINDSHIELD_DEICE_SET</eventON>
				<axis_link></axis_link>
				<is_switch>True</is_switch>
			</button4>
		</aircraft>
		<aircraft name="Aerosoft Twin Otter">
			<button0>
				<eventON>Mobiflight.ASDHC6_DC_ALL_ON</eventON>
				<eventOFF>Mobiflight.ASDHC6_DC_ALL_OFF</eventOFF>
				<axis_link></axis_link>
				<is_switch>True</is_switch>
			</button0>
			<button1>
				<eventON>Mobiflight.ASDHC6_GENERATORS_TOGGLE</eventON>
				<axis_link></axis_link>
				<is_switch>True</is_switch>
			</button1>
			<button2>
				<eventON>AVIONICS_MASTER_SET</eventON>
				<axis_link></axis_link>
				<is_switch>True</is_switch>
			</button2>
			<button3>
				<eventON>Mobiflight.ASDHC6_PITOT_TOGGLE</eventON>
				<axis_link></axis_link>
				<is_switch>True</is_switch>
			</button3>
			<button4>
				<eventON>Mobiflight.ASDHC6_WINDOW_HEAT_TOGGLE</eventON>
				<axis_link></axis_link>
				<is_switch>True</is_switch>
			</button4>
		</aircraft>
		<aircraft name="Airbus A320neo">
			<button0>
				<eventON>Mobiflight.A32NX_BAT_ON</eventON>
				<eventOFF>Mobiflight.A32NX_BAT_OFF</eventOFF>
				<axis_link></axis_link>
				<is_switch>True</is_switch>
			</button0>
			<button1>
				<eventON>Mobiflight.A32NX_OH_ELEC_EXTPWR_TOG</eventON>
				<axis_link></axis_link>
				<is_switch>True</is_switch>
			</button1>
		</aircraft>
		<aircraft name="Milviz PC-6">
			<button0>
				<eventON>MASTER_BATTERY_SET</eventON>
				<eventOFF>MASTER_BATTERY_SET</eventOFF>
				<axis_link></axis_link>
				<is_switch>True</is_switch>
			</button0>
			<button1>
				<eventON>ALTERNATOR_SET</eventON>
				<eventOFF>ALTERNATOR_SET</eventOFF>
				<axis_link></axis_link>
				<is_switch>True</is_switch>
			</button1>
			<button3>
				<eventON>PITOT_HEAT_SET</eventON>
				<eventOFF>PITOT_HEAT_SET</eventOFF>
				<axis_link></axis_link>
				<is_switch>True</is_switch>
			</button3>
			<button5>
				<eventON>Mobiflight.TOGGLE_PROPELLER_DEICE</eventON>
				<eventOFF>Mobiflight.TOGGLE_PROPELLER_DEICE</eventOFF>
				<axis_link></axis_link>
				<is_switch>True</is_switch>
			</button5>
		</aircraft>
		<aircraft name="Boeing 247D">
			<button0>
				<eventON>FSUIPC.ELECTRICAL MASTER BATTERY</eventON>
				<axis_link></axis_link>
				<is_switch>True</is_switch>
			</button0>
			<button3>
				<eventON>FSUIPC.PITOT HEAT</eventON>
				<axis_link></axis_link>
				<is_switch>True</is_switch>
			</button3>
		</aircraft>
		<aircraft name="Flysimware Cessna 414">
			<button2>
				<eventON>AVIONICS_MASTER_SET</eventON>
				<axis_link></axis_link>
				<is_switch>True</is_switch>
			</button2>
		</aircraft>
		<aircraft name="Just Flight BAe 146">
			<button0>
				<eventON>MASTER_BATTERY_SET</eventON>
				<axis_link></axis_link>
				<is_switch>True</is_switch>
			</button0>
		</aircraft>
	</joystick>
	<joystick name="HID-spelbesturing-1103-1029">
		<aircraft name="Airbus A320neo">
			<button0>
				<eventON>Mobiflight.A32NX_BAT_TOGGLE</eventON>
				<axis_link></axis_link>
				<is_switch>False</is_switch>
			</button0>
			<button1>
				<eventON>Mobiflight.A32NX_BAT_ON</eventON>
				<eventOFF>Mobiflight.A32NX_BAT_OFF</eventOFF>
				<axis_link></axis_link>
				<is_switch>True</is_switch>
			</button1>
		</aircraft>
	</joystick>
	<joystick name="HID-spelbesturing-1699-3117">
		<aircraft name="Asobo Stock Aircraft G1000">
			<axis0>
				<event>THROTTLE_SET</event>
				<min>0</min>
				<max>16383</max>
				<inverted>True</inverted>
			</axis0>
			<axis1>
				<event>AXIS_PROPELLER_SET</event>
				<min>-16383</min>
				<max>16383</max>
				<inverted>True</inverted>
			</axis1>
			<axis2>
				<event>MIXTURE_SET</event>
				<min>0</min>
				<max>16383</max>
				<inverted>True</inverted>
			</axis2>
		</aircraft>
	</joystick>
</root>
