<?xml version="1.0" encoding="utf-8" ?>
<root>
	<MIDIcontroller name="X-TOUCH MINI">
		<aircraft name="Generic">
			<knob0>
				<event_left>HEADING_BUG_DEC</event_left>
				<event_right>HEADING_BUG_INC</event_right>
			</knob0>
			<knob1>
				<event_left>Mobiflight.AS1000_AP_ALT_DEC_1000</event_left>
				<event_right>Mobiflight.AS1000_AP_ALT_INC_1000</event_right>
				<alt_event_left>Mobiflight.AS1000_AP_ALT_DEC_100</alt_event_left>
				<alt_event_right>Mobiflight.AS1000_AP_ALT_INC_100</alt_event_right>
			</knob1>
			<knob2>
				<event_left>AP_VS_VAR_DEC</event_left>
				<event_right>AP_VS_VAR_INC</event_right>
			</knob2>
			<knob3>
				<event_left>AP_SPD_VAR_DEC</event_left>
				<event_right>AP_SPD_VAR_INC</event_right>
			</knob3>
			<knob4>
				<event_left>VOR1_OBI_DEC</event_left>
				<event_right>VOR1_OBI_INC</event_right>
			</knob4>
			<knob6>
				<event_left>AILERON_TRIM_LEFT</event_left>
				<event_right>AILERON_TRIM_RIGHT</event_right>
			</knob6>
			<knob7>
				<event_left>RUDDER_TRIM_LEFT</event_left>
				<event_right>RUDDER_TRIM_RIGHT</event_right>
			</knob7>
			<knob9>
				<event_left>Mobiflight.GEAR_DOWN</event_left>
				<event_right>Mobiflight.GEAR_UP</event_right>
			</knob9>
			<button0>
				<event>HEADING_BUG_SET</event>
			</button0>
			<button8>
				<event>AUTOPILOT_ON</event>
				<status_var>AP</status_var>
			</button8>
			<button9>
				<event>AP_PANEL_HEADING_SET</event>
				<status_var>HDG</status_var>
			</button9>
			<button10>
				<event>AP_NAV1_HOLD</event>
				<status_var>NAV</status_var>
			</button10>
			<button11>
				<event>AP_ALT_HOLD_ON</event>
				<status_var>ALT</status_var>
			</button11>
			<button12>
				<event>AP_VS_HOLD</event>
				<status_var>VS</status_var>
			</button12>
			<button13>
				<event>FLIGHT_LEVEL_CHANGE</event>
				<status_var>FLC</status_var>
			</button13>
			<button14>
				<event>AP_APR_HOLD_ON</event>
				<status_var>APPR</status_var>
			</button14>
			<button15>
				<event>TOGGLE_FLIGHT_DIRECTOR</event>
				<status_var>FD</status_var>
			</button15>
			<button16>
				<event>LANDING_LIGHTS_ON</event>
				<status_var>LDG</status_var>
			</button16>
			<button17>
				<event>TOGGLE_TAXI_LIGHTS</event>
				<status_var>TAXI</status_var>
			</button17>
			<button18>
				<event>STROBES_ON</event>
				<status_var>STRB</status_var>
			</button18>
			<button19>
				<event>TOGGLE_NAV_LIGHTS</event>
				<status_var>NAVL</status_var>
			</button19>
			<button20>
				<event>TOGGLE_BEACON_LIGHTS</event>
				<status_var>BCN</status_var>
			</button20>
			<button21>
				<event>TOGGLE_RECOGNITION_LIGHTS</event>
				<status_var>RECOG</status_var>
			</button21>
			<button22>
				<event>PANEL_LIGHTS_ON</event>
				<status_var>PNL</status_var>
			</button22>
			<button23>
				<event>TOGGLE_BEACON_LIGHTS</event>
				<status_var>BCN</status_var>
			</button23>
			<button35>
				<event>TOGGLE_ELECT_FUEL_PUMP</event>
			</button35>
			<button36>
				<event>TURBINE_IGNITION_SWITCH_TOGGLE</event>
			</button36>
			<button37>
				<event>TOGGLE_ALL_STARTERS</event>
			</button37>
			<button39>
				<event>TOGGLE_TAILWHEEL_LOCK</event>
			</button39>
		</aircraft>
		<aircraft name="Cessna Citation CJ4">
			<knob1>
				<event_left>Mobiflight.WT_CJ4_AP_ALT_FAST_DEC</event_left>
				<event_right>Mobiflight.WT_CJ4_AP_ALT_FAST_INC</event_right>
				<alt_event_left>Mobiflight.WT_CJ4_AP_ALT_VAR_DEC</alt_event_left>
				<alt_event_right>Mobiflight.WT_CJ4_AP_ALT_VAR_INC</alt_event_right>
			</knob1>
			<knob3>
				<event_left>Mobiflight.WT_CJ4_AP_SPEED_DEC</event_left>
				<event_right>Mobiflight.WT_CJ4_AP_SPEED_INC</event_right>
			</knob3>
			<button9>
				<event>Mobiflight.WT_CJ4_AP_HDG_PRESSED</event>
				<status_var>HDG</status_var>
			</button9>
			<button10>
				<event>Mobiflight.WT_CJ4_AP_NAV_PRESSED</event>
				<status_var>NAV</status_var>
			</button10>
			<button11>
				<event>Mobiflight.WT_CJ4_AP_ALT_PRESSED</event>
				<status_var>ALT</status_var>
			</button11>
			<button12>
				<event>Mobiflight.WT_CJ4_AP_VS_PRESSED</event>
				<status_var>VS</status_var>
			</button12>
			<button13>
				<event>Mobiflight.WT_CJ4_AP_FLC_PRESSED</event>
				<status_var>FLC</status_var>
			</button13>
			<button14>
				<event>Mobiflight.WT_CJ4_AP_APPR_PRESSED</event>
				<status_var>APPR</status_var>
			</button14>
			<button22>
				<event>Mobiflight.WT_CJ4_SAFETY_LIGHT_TOGGLE</event>
			</button22>
			<button23>
				<event>Mobiflight.WT_CJ4_SEATBELT_LIGHT_TOGGLE</event>
			</button23>
			<button47>
				<event>Mobiflight.Generic_Lwr_Push_CKLST_1</event>
			</button47>
		</aircraft>
		<aircraft name="Aerosoft Twin Otter">
			<knob2>
				<event_left>Mobiflight.KAP140_Push_DN</event_left>
				<event_right>Mobiflight.KAP140_Push_UP</event_right>
			</knob2>
			<button8>
				<event>Mobiflight.KAP140_Push_AP</event>
				<status_var>AP</status_var>
			</button8>
			<button9>
				<event>Mobiflight.KAP140_Push_HDG</event>
				<status_var>HDG</status_var>
			</button9>
			<button10>
				<event>Mobiflight.KAP140_Push_NAV</event>
				<status_var>NAV</status_var>
			</button10>
			<button11>
				<event>Mobiflight.KAP140_Push_ALT</event>
				<status_var>ALT</status_var>
			</button11>
			<button14>
				<event>Mobiflight.KAP140_Push_APR</event>
				<status_var>APPR</status_var>
			</button14>
			<button16>
				<event>Mobiflight.LANDING_LIGHTS_TOGGLE</event>
				<status_var>LDG</status_var>
			</button16>
			<button18>
				<event>Mobiflight.ASDHC6_STROBES_TOGGLE</event>
				<status_var>STRB</status_var>
			</button18>
			<button22>
				<event>Mobiflight.ASDHC6_NO_SM_TOGGLE</event>
			</button22>
			<button23>
				<event>Mobiflight.ASDHC6_SEATBELTS_TOGGLE</event>
			</button23>
		</aircraft>
		<aircraft name="Quest Kodiak 100">
			<button16>
				<event>MobiFlight.KODIAK_LANDING_LIGHTS</event>
				<status_var>LDG</status_var>
			</button16>
			<button35>
				<event>MobiFlight.KODIAK_FUEL_PUMP</event>
			</button35>
			<button36>
				<event>MobiFlight.KODIAK_IGN_ON</event>
			</button36>
			<button37>
				<event>MobiFlight.KODIAK_STARTER_ON</event>
			</button37>
			<button40>
				<event>Mobiflight.KODIAK_BUS</event>
			</button40>
		</aircraft>
		<aircraft name="Milviz PC-6">
			<button23>
				<event>Mobiflight.PC6_LDG_POS</event>
			</button23>
			<button40>
				<event>Mobiflight.PC6_AVIONICS_BUSTIE</event>
			</button40>
			<button41>
				<event>Mobiflight.PC6_AV_BUS1</event>
			</button41>
			<button42>
				<event>Mobiflight.PC6_AV_BUS2</event>
			</button42>
		</aircraft>
		<aircraft name="Boeing 247D">
			<knob0>
				<event_left>Mobiflight.B247D_AILERON_TRIM_UP</event_left>
				<event_right>Mobiflight.B247D_AILERON_TRIM_DOWN</event_right>
			</knob0>
			<button16>
				<event>Mobiflight.B247D_LANDING_LIGHTS_TOGGLE</event>
				<status_var>FSUIPC.LIGHT LANDING:1</status_var>
			</button16>
			<button19>
				<event>FSUIPC.LIGHT NAV</event>
				<status_var>FSUIPC.LIGHT NAV</status_var>
			</button19>
			<button20>
				<event>Mobiflight.B247D_ENG_LIGHT_TOGGLE</event>
			</button20>
			<button21>
				<event>Mobiflight.B247D_COMPASS_LIGHT_TOGGLE</event>
			</button21>
			<button22>
				<event>Mobiflight.B247D_NAV_INSTR_LIGHT_TOGGLE</event>
			</button22>
		</aircraft>
		<aircraft name="Aerosoft CRJ">
			<knob0>
				<event_left>MobiFlight.ASCRJ_FCP_HDG_SEL_DEC</event_left>
				<event_right>MobiFlight.ASCRJ_FCP_HDG_SEL_INC</event_right>
			</knob0>
			<knob1>
				<event_left>MobiFlight.ASCRJ_FCP_ALT_SEL_DEC</event_left>
				<event_right>MobiFlight.ASCRJ_FCP_ALT_SEL_INC</event_right>
				<alt_event_left>MobiFlight.ASCRJ_FCP_ALT_SEL_DEC</alt_event_left>
				<alt_event_right>MobiFlight.ASCRJ_FCP_ALT_SEL_INC</alt_event_right>
			</knob1>
			<knob2>
				<event_left>MobiFlight.ASCRJ_FCP_WHEEL_SEL_INC</event_left>
				<event_right>MobiFlight.ASCRJ_FCP_WHEEL_SEL_DEC</event_right>
			</knob2>
			<knob3>
				<event_left>Mobiflight.ASCRJ_FCP_SPEED_SEL_DEC</event_left>
				<event_right>Mobiflight.ASCRJ_FCP_SPEED_SEL_INC</event_right>
			</knob3>
			<knob4>
				<event_left>MobiFlight.ASCRJ_FCP_CRS1_SEL_DEC</event_left>
				<event_right>MobiFlight.ASCRJ_FCP_CRS1_SEL_INC</event_right>
			</knob4>
			<knob6>
				<event_left>Mobiflight.ASCRJ_LSP_HEIGHT_SEL_DEC</event_left>
				<event_right>Mobiflight.ASCRJ_LSP_HEIGHT_SEL_INC</event_right>
			</knob6>
			<knob7>
				<event_left>Mobiflight.ASCRJ_PRESS_LDG_ELEV_KNOB_DEC</event_left>
				<event_right>Mobiflight.ASCRJ_PRESS_LDG_ELEV_KNOB_INC</event_right>
			</knob7>
			<knob8>
				<event_left>Mobiflight.ASCRJ_GEAR_GEAR_LEVER_SWITCH_ON</event_left>
				<event_right>Mobiflight.ASCRJ_GEAR_GEAR_LEVER_SWITCH_OFF</event_right>
			</knob8>
			<knob9>
				<event_left>Mobiflight.ASCRJ_GEAR_GEAR_LEVER_SWITCH_ON</event_left>
				<event_right>Mobiflight.ASCRJ_GEAR_GEAR_LEVER_SWITCH_OFF</event_right>
			</knob9>
			<button0>
				<event>Mobiflight.ASCRJ_FCP_HDG_SYNC_PRESS</event>
				<eventOFF>Mobiflight.ASCRJ_FCP_HDG_SYNC_RELEASE</eventOFF>
			</button0>
			<button8>
				<event>Mobiflight.ASCRJ_FCP_AP_ENG_PRESS</event>
				<eventOFF>Mobiflight.ASCRJ_FCP_AP_DISC_PRESS</eventOFF>
			</button8>
			<button9>
				<event>Mobiflight.ASCRJ_FCP_HDG_PRESS</event>
				<status_var>FSUIPC.ASCRJ_FCP_HDG_LED</status_var>
			</button9>
			<button10>
				<event>Mobiflight.ASCRJ_FCP_NAV_PRESS</event>
				<status_var>FSUIPC.ASCRJ_FCP_NAV_LED</status_var>
			</button10>
			<button11>
				<event>Mobiflight.ASCRJ_FCP_ALT_PRESS</event>
				<status_var>FSUIPC.ASCRJ_FCP_ALT_LED</status_var>
			</button11>
			<button12>
				<event>Mobiflight.ASCRJ_FCP_VS_PRESS</event>
				<status_var>FSUIPC.ASCRJ_FCP_VS_LED</status_var>
			</button12>
			<button13>
				<event>Mobiflight.ASCRJ_FCP_SPEED_PRESS</event>
				<status_var>FSUIPC.ASCRJ_FCP_SPEED_LED</status_var>
			</button13>
			<button14>
				<event>Mobiflight.ASCRJ_FCP_APPR_PRESS</event>
				<status_var>APPR</status_var>
			</button14>
			<button15>
				<event>Mobiflight.ASCRJ_FCP_FD1_PRESS</event>
				<status_var>FD</status_var>
			</button15>
			<button16>
				<event>Mobiflight.ASCRJ_LANDING_LIGHTS</event>
				<status_var>LDG</status_var>
			</button16>
			<button17>
				<event>Mobiflight.ASCRJ_OVHD_TAXI_SWITCH</event>
				<status_var>TAXI</status_var>
			</button17>
			<button18>
				<event>Mobiflight.ASCRJ_EXTL_STROBE_SWITCH</event>
				<status_var>STRB</status_var>
			</button18>
			<button19>
				<event>Mobiflight.ASCRJ_EXTL_NAV_SWITCH</event>
				<status_var>NAVL</status_var>
			</button19>
			<button20>
				<event>Mobiflight.ASCRJ_EXTL_BEACON_SWITCH</event>
				<status_var>BCN</status_var>
			</button20>
			<button21>
				<event>Mobiflight.ASCRJ_EXTL_LOGO_SWITCH</event>
			</button21>
			<button22>
				<event>Mobiflight.ASCRJ_OVHD_NO_SMOKING_SWITCH</event>
			</button22>
			<button23>
				<event>Mobiflight.ASCRJ_OVHD_SEAT_BELTS_SWITCH</event>
			</button23>
			<button32>
				<event>Mobiflight.ASCRJ_APU_PWRFUEL_PRESS</event>
				<eventOFF>Mobiflight.ASCRJ_APU_PWRFUEL_RELEASE</eventOFF>
			</button32>
			<button33>
				<event>Mobiflight.ASCRJ_APU_STARTSTOP_PRESS</event>
				<eventOFF>Mobiflight.ASCRJ_APU_STARTSTOP_RELEASE</eventOFF>
			</button33>
			<button34>
				<event>Mobiflight.ASCRJ_AICE_WSHLD_L_SWITCH</event>
			</button34>
			<button35>
				<event>Mobiflight.ASCRJ_AICE_WSHLD_R_SWITCH</event>
			</button35>
			<button36>
				<event>Mobiflight.ASCRJ_OVHD_EMER_LTS_SWITCH</event>
			</button36>
			<button37>
				<event>Mobiflight.ASCRJ_YD12_SWITCH</event>
				<eventOFF>Mobiflight.ASCRJ_YD12_SWITCH_RELEASE</eventOFF>
			</button37>
			<button38>
				<event>Mobiflight.ASCRJ_STAB_TRIM</event>
				<eventOFF>Mobiflight.ASCRJ_STAB_TRIM_RELEASE</eventOFF>
			</button38>
			<button39>
				<event>Mobiflight.ASCRJ_MACH_TRIM</event>
				<eventOFF>Mobiflight.ASCRJ_MACH_TRIM_RELEASE</eventOFF>
			</button39>
		</aircraft>
		<aircraft name="Airbus A320neo">
			<knob8>
				<event_left>Mobiflight.GEAR_DOWN_SET</event_left>
				<event_right>Mobiflight.GEAR_UP_SET</event_right>
			</knob8>
			<knob9>
				<event_left>Mobiflight.GEAR_DOWN_SET</event_left>
				<event_right>Mobiflight.GEAR_UP_SET</event_right>
			</knob9>
			<button11>
				<event>Mobiflight.A32NX.FCU_ALT_PULL</event>
				<eventOFF>Mobiflight.A32NX.FCU_ALT_PUSH</eventOFF>
				<status_var>ALT</status_var>
			</button11>
			<button12>
				<event>Mobiflight.A32NX.FCU_ALT_PULL</event>
				<eventOFF>Mobiflight.A32NX.FCU_ALT_PULL</eventOFF>
				<status_var>VS</status_var>
			</button12>
			<button13>
				<event>FMobiflight.A32NX.FCU_SPD_PULL</event>
				<eventOFF>FMobiflight.A32NX.FCU_SPD_PUSH</eventOFF>
				<status_var>FLC</status_var>
			</button13>
			<button16>
				<event>Mobiflight.A32NX_OH_LANDING_LIGHTS_TOG</event>
				<status_var>LDG</status_var>
			</button16>
			<button17>
				<event>Mobiflight.A32NX_TAXI_ON</event>
				<status_var>TAXI</status_var>
			</button17>
			<button18>
				<event>Mobiflight.A32NX_OH_STROBES_TOG_ON</event>
				<status_var>STRB</status_var>
			</button18>
			<button19>
				<event>Mobiflight.A320_NAVLOGO_ON</event>
				<status_var>NAVL</status_var>
			</button19>
			<button21>
				<event>Mobiflight.DOME_LIGHT_BRT</event>
				<eventOFF>Mobiflight.DOME_LIGHT_OFF</eventOFF>
			</button21>
			<button22>
				<event>Mobiflight.NO_SMOKING_AUTO</event>
				<eventOFF>Mobiflight.NO_SMOKING_OFF</eventOFF>
			</button22>
			<button23>
				<event>Mobiflight.CABIN_SEATBELTS_ALERT_SWITCH_TOGGLE</event>
			</button23>
			<button32>
				<event>Mobiflight.A32NX_APU_MASTER_SW</event>
			</button32>
			<button33>
				<event>Mobiflight.A32NX_APU_START</event>
			</button33>
			<button36>
				<event>Mobiflight.EMER_EXIT_ARM</event>
				<eventOFF>Mobiflight.EMER_EXIT_OFF</eventOFF>
			</button36>
		</aircraft>
		<aircraft name="Flysimware Cessna 414">
			<button16>
				<event>Mobiflight.C414_LANDING_LIGHTS_ON</event>
				<status_var>LDG</status_var>
			</button16>
			<button17>
				<event>FSUIPC.LIGHT_TAXI</event>
				<status_var>TAXI</status_var>
			</button17>
		</aircraft>
		<aircraft name="Just Flight Turbo Arrow">
			<button9>
				<event>MobiFlight.AUTOPILOT_hdg_ON_PRESS</event>
				<eventOFF>MobiFlight.AUTOPILOT_hdg_OFF_PRESS</eventOFF>
			</button9>
		</aircraft>
		<aircraft name="Just Flight BAe 146">
			<knob1>
				<event_left>Mobiflight.BAE146_ALT_DEC</event_left>
				<event_right>Mobiflight.BAE146_ALT_INC</event_right>
			</knob1>
			<knob6>
				<event_left>Mobiflight.BAE146_DH_DEC</event_left>
				<event_right>Mobiflight.BAE146_DH_INC</event_right>
			</knob6>
			<knob7>
				<event_left>Mobiflight.BAE146_PRESS_SET_DEC</event_left>
				<event_right>Mobiflight.BAE146_PRESS_SET_INC</event_right>
			</knob7>
			<button9>
				<event>FSUIPC.MCP_Mode_HDG</event>
			</button9>
			<button10>
				<event>FSUIPC.MCP_Mode_LNAV</event>
			</button10>
			<button11>
				<event>FSUIPC.MCP_Alt_arm</event>
			</button11>
			<button13>
				<event>FSUIPC.MCP_Mode_IAS</event>
			</button13>
			<button15>
				<event>FSUIPC.FLTCTRLS_RT_button_L</event>
			</button15>
			<button16>
				<event>Mobiflight.BAE146_LANDING_LIGHTS_ON</event>
				<eventOFF>Mobiflight.BAE146_LANDING_LIGHTS_OFF</eventOFF>
			</button16>
			<button17>
				<event>Mobiflight.BAE146_TAXI_LIGHTS_ON</event>
				<eventOFF>Mobiflight.BAE146_TAXI_LIGHTS_OFF</eventOFF>
			</button17>
			<button18>
				<event>FSUIPC.OVHD_LTS_Strobe</event>
			</button18>
			<button22>
				<event>FSUIPC.OVHD_LTS_NoSmkg</event>
			</button22>
			<button23>
				<event>FSUIPC.OVHD_CTR_LWR_FastenBelts</event>
			</button23>
			<button32>
				<event>FSUIPC.OVHD_APU_StartStop</event>
			</button32>
			<button33>
				<event>FSUIPC.OVHD_APU_StartStop</event>
			</button33>
			<button37>
				<event>FSUIPC.PED_AFT_AP_YD</event>
				<eventOFF>FSUIPC.PED_AFT_AP_YD</eventOFF>
				<status_var>FSUIPC.PED_AFT_AP_YD1_il</status_var>
			</button37>
		</aircraft>
		<aircraft name="PMDG Boeing 737">
			<knob1>
				<event_left>AP_ALT_VAR_DEC</event_left>
				<event_right>AP_ALT_VAR_INC</event_right>
			</knob1>
			<knob5>
				<event_left>Mobiflight.737_BARO_DEC</event_left>
				<event_right>Mobiflight.737_BARO_INC</event_right>
			</knob5>
			<knob6>
				<event_left>Mobiflight.737_DH_DEC</event_left>
				<event_right>Mobiflight.737_DH_INC</event_right>
			</knob6>
			<knob7>
				<event_left>Mobiflight.737_ELEV_DEC</event_left>
				<event_right>Mobiflight.737_ELEV_INC</event_right>
			</knob7>
			<button16>
				<event>Mobiflight.737_LANDING_LIGHT_ON</event>
				<eventOFF>Mobiflight.737_LANDING_LIGHT_OFF</eventOFF>
			</button16>
			<button17>
				<event>Mobiflight.737_TAXI_LIGHT_TOGGLE</event>
			</button17>
			<button22>
				<event>Mobiflight.737_CHIME_TOGGLE</event>
			</button22>
			<button23>
				<event>Mobiflight.737_SEAT_BELT_ON</event>
				<eventOFF>Mobiflight.737_SEAT_BELT_OFF</eventOFF>
			</button23>
			<button32>
				<event>Mobiflight.737_APU_START</event>
			</button32>
			<button33>
				<event>Mobiflight.737_APU_STOP</event>
			</button33>
			<button34>
				<event>Mobiflight.737_WINDSHIELD_LEFT_TOGGLE</event>
			</button34>
			<button35>
				<event>Mobiflight.737_WINDSHIELD_RIGHT_TOGGLE</event>
			</button35>
			<button36>
				<event>Mobiflight.737_EMER_ARM_ON</event>
				<eventOFF>Mobiflight.737_EMER_ARM_OFF</eventOFF>
			</button36>
		</aircraft>
	</MIDIcontroller>
</root>
