<?xml version="1.0" encoding="utf-8" ?>
<root>
	<profile name="Aerosoft Twin Otter">
		<title>Aerosoft DHC-6 Series 300 Wheels Cargo 3-Blade</title>
		<title>Aerosoft DHC-6 Series 300 Wheels REX Airlines</title>
		<title>Aerosoft DHC-6 Series 300 Wheels Pax Canadian Forces 1954</title>
		<title>Aerosoft DHC-6 Series 100 Wheels Pax</title>
		<title>Aerosoft DHC-6 Series 300</title>
		<title>Aerosoft DHC6-300 Wheels Buffalo C-GFYN</title>
		<title>Flybe </title>
		<title>Aerosoft DHC-6 Series 300 Wheels Pax Canadian Forces JM-1954</title>
	</profile>
	<profile name="Milviz PC-6">
		<title>Turbo Porter EC-JXH Glass</title>
		<title>Turbo Porter S5-CMA Glass</title>
	</profile>
	<profile name="Airbus A320neo">
		<title>FWB EUROWINGS ABFO</title>
		<title>Airbus A320neo Easyjet</title>
		<title>Airbus A320neo Lufthansa</title>
		<title>FWB Swiss HB-JDA</title>
		<title>Airbus A32NX British Airways</title>
		<title>Airbus A320neo TAP CS-TVG</title>
	</profile>
	<profile name="Asobo Stock Aircraft G1000">
		<title>Cessna Skyhawk G1000 Skis Asobo</title>
		<title>Just Flight PA28 Turbo Arrow IV Custom</title>
		<title>Cessna Skyhawk G1000 Asobo</title>
		<title>Bonanza G36 Asobo</title>
	</profile>
	<profile name="Cessna Citation CJ4">
		<title>Cessna CJ4 Citation Asobo</title>
	</profile>
	<profile name="Quest Kodiak 100">
		<title>Kodiak 100 Factory paint A5</title>
		<title>Kodiak 100 Factory paint A1</title>
		<title>Kodiak 100 tundra tyres, Safari Wings</title>
		<title>Kodiak 100 Safari Wings</title>
		<title>Kodiak 100 Legacy Livery 6</title>
	</profile>
	<profile name="Aerosoft CRJ">
		<title>CRJ900 Lufthansa Cityline D-ACNM</title>
		<title>CRJ900 Lufthansa Cityline D-ACNU</title>
		<title>CRJ1000 Air France HOP! F-HMLH</title>
		<title>CRJ700ER Lufthansa Regional D-ACSB</title>
	</profile>
	<profile name="Asobo Stock Aircraft G3X">
		<title>Asobo XCub Floats</title>
	</profile>
	<profile name="TBM930">
		<title>TBM 930 Asobo</title>
	</profile>
	<profile name="Boeing 247D">
		<title>Boeing 247D United Air Lines (1941)</title>
		<title>Boeing 247D Wing42</title>
	</profile>
	<profile name="Asobo Stock Aircraft G3000">
		<title>Savage Carbon - Batman</title>
	</profile>
	<profile name="Flysimware Cessna 414">
		<title>Cessna 414AW N427RC GNS530</title>
	</profile>
	<profile name="Just Flight Turbo Arrow">
		<title>Just Flight PA28 Turbo Arrow IV D-EAIV</title>
	</profile>
	<profile name="Just Flight BAe 146">
		<title>Just Flight 146-200 Cobham Aviation</title>
	</profile>
	<profile name="PMDG Boeing 737">
		<title>PMDG 737-700 KLM Royal Dutch Airlines (PH-BGG </title>
	</profile>
</root>
