<?xml version="1.0" encoding="utf-8" ?>
<root>
	<joystick name="Flight Throttle Quadrant (HID)-1699-3117">
		<aircraft name="Airbus A320neo">
			<axis0>
				<event>AXIS_SPOILER_SET</event>
				<min>-16383</min>
				<max>16383</max>
				<inverted>False</inverted>
			</axis0>
			<axis1>
				<event>THROTTLE1_SET</event>
				<min>-16383</min>
				<max>16383</max>
				<inverted>True</inverted>
			</axis1>
			<axis2>
				<event>THROTTLE2_SET</event>
				<min>-16383</min>
				<max>16383</max>
				<inverted>True</inverted>
			</axis2>
			<button0>
				<event>TOGGLE_BEACON_LIGHTS</event>
				<axis_link>0</axis_link>
				<is_switch>False</is_switch>
			</button0>
		</aircraft>
		<aircraft name="Aerosoft Twin Otter">
			<axis0>
				<event>THROTTLE1_SET</event>
				<min>-5000</min>
				<max>16383</max>
				<inverted>True</inverted>
			</axis0>
			<axis1>
				<event>THROTTLE2_SET</event>
				<min>-5000</min>
				<max>16383</max>
				<inverted>True</inverted>
			</axis1>
			<axis2>
				<event>AXIS_PROPELLER_SET</event>
				<min>-16383</min>
				<max>16383</max>
				<inverted>True</inverted>
			</axis2>
			<button8>
				<event>PROP_PITCH_DECR</event>
				<axis_link>2</axis_link>
				<is_switch>False</is_switch>
			</button8>
		</aircraft>
		<aircraft name="Cessna Citation CJ4">
			<axis0>
				<event>AXIS_SPOILER_SET</event>
				<min>-16383</min>
				<max>16383</max>
				<inverted>False</inverted>
			</axis0>
			<axis1>
				<event>THROTTLE1_SET</event>
				<min>0</min>
				<max>16383</max>
				<inverted>True</inverted>
			</axis1>
			<axis2>
				<event>THROTTLE2_SET</event>
				<min>0</min>
				<max>16383</max>
				<inverted>True</inverted>
			</axis2>
		</aircraft>
		<aircraft name="Aerosoft CRJ">
			<axis0>
				<event>AXIS_SPOILER_SET</event>
				<min>-16383</min>
				<max>16383</max>
				<inverted>False</inverted>
			</axis0>
			<axis1>
				<event>THROTTLE1_AXIS_SET_EX1</event>
				<min>-16383</min>
				<max>16383</max>
				<inverted>True</inverted>
			</axis1>
			<axis2>
				<event>THROTTLE2_AXIS_SET_EX1</event>
				<min>-16383</min>
				<max>16383</max>
				<inverted>True</inverted>
			</axis2>
		</aircraft>
		<aircraft name="Asobo Stock Aircraft G1000">
			<axis0>
				<event>THROTTLE_SET</event>
				<min>0</min>
				<max>16383</max>
				<inverted>True</inverted>
			</axis0>
			<axis1>
				<event>MIXTURE_SET</event>
				<min>0</min>
				<max>16383</max>
				<inverted>True</inverted>
			</axis1>
			<axis2>
				<event>AXIS_PROPELLER_SET</event>
				<min>-16383</min>
				<max>16383</max>
				<inverted>True</inverted>
			</axis2>
		</aircraft>
		<aircraft name="Milviz PC-6">
			<axis0>
				<event>THROTTLE_SET</event>
				<min>0</min>
				<max>16383</max>
				<inverted>True</inverted>
			</axis0>
			<axis1>
				<event>AXIS_PROPELLER_SET</event>
				<min>-16383</min>
				<max>16383</max>
				<inverted>True</inverted>
			</axis1>
			<axis2>
				<event>MIXTURE_SET</event>
				<min>0</min>
				<max>16383</max>
				<inverted>True</inverted>
			</axis2>
			<button6>
				<event>DECREASE_THROTTLE</event>
				<axis_link>0</axis_link>
				<is_switch>False</is_switch>
			</button6>
			<button7>
				<event>PROP_PITCH_DECR</event>
				<axis_link>1</axis_link>
				<is_switch>False</is_switch>
			</button7>
		</aircraft>
		<aircraft name="Quest Kodiak 100">
			<axis0>
				<event>THROTTLE_SET</event>
				<min>0</min>
				<max>16383</max>
				<inverted>True</inverted>
			</axis0>
			<axis1>
				<event>AXIS_PROPELLER_SET</event>
				<min>-16383</min>
				<max>16383</max>
				<inverted>True</inverted>
			</axis1>
			<axis2>
				<event>MIXTURE_SET</event>
				<min>0</min>
				<max>16383</max>
				<inverted>True</inverted>
			</axis2>
			<button6>
				<event>DECREASE_THROTTLE</event>
				<axis_link>0</axis_link>
				<is_switch>False</is_switch>
			</button6>
			<button7>
				<event>PROP_PITCH_DECR</event>
				<axis_link>1</axis_link>
				<is_switch>False</is_switch>
			</button7>
		</aircraft>
	</joystick>
	<joystick name="HID-spelbesturing-9025-32823">
		<aircraft name="Asobo Stock Aircraft G1000">
			<button0>
				<event>MASTER_BATTERY_SET</event>
				<axis_link></axis_link>
				<is_switch>True</is_switch>
			</button0>
			<button1>
				<event>ALTERNATOR_SET</event>
				<axis_link></axis_link>
				<is_switch>True</is_switch>
			</button1>
			<button2>
				<event>AVIONICS_MASTER_SET</event>
				<axis_link></axis_link>
				<is_switch>True</is_switch>
			</button2>
			<button3>
				<event>PITOT_HEAT_SET</event>
				<axis_link></axis_link>
				<is_switch>True</is_switch>
			</button3>
			<button4>
				<event>WINDSHIELD_DEICE_SET</event>
				<axis_link></axis_link>
				<is_switch>True</is_switch>
			</button4>
		</aircraft>
		<aircraft name="Quest Kodiak 100">
			<button0>
				<event>MASTER_BATTERY_SET</event>
				<axis_link></axis_link>
				<is_switch>True</is_switch>
			</button0>
			<button1>
				<event>ALTERNATOR_SET</event>
				<axis_link></axis_link>
				<is_switch>True</is_switch>
			</button1>
			<button2>
				<event>AVIONICS_MASTER_SET</event>
				<axis_link></axis_link>
				<is_switch>True</is_switch>
			</button2>
			<button3>
				<event>PITOT_HEAT_SET</event>
				<axis_link></axis_link>
				<is_switch>True</is_switch>
			</button3>
			<button4>
				<event>WINDSHIELD_DEICE_SET</event>
				<axis_link></axis_link>
				<is_switch>True</is_switch>
			</button4>
		</aircraft>
		<aircraft name="Cessna Citation CJ4">
			<button0>
				<event>MASTER_BATTERY_SET</event>
				<axis_link></axis_link>
				<is_switch>True</is_switch>
			</button0>
			<button1>
				<event>ALTERNATOR_SET</event>
				<axis_link></axis_link>
				<is_switch>True</is_switch>
			</button1>
			<button2>
				<event>AVIONICS_MASTER_SET</event>
				<axis_link></axis_link>
				<is_switch>True</is_switch>
			</button2>
			<button3>
				<event>PITOT_HEAT_SET</event>
				<axis_link></axis_link>
				<is_switch>True</is_switch>
			</button3>
			<button4>
				<event>WINDSHIELD_DEICE_SET</event>
				<axis_link></axis_link>
				<is_switch>True</is_switch>
			</button4>
		</aircraft>
		<aircraft name="Aerosoft Twin Otter">
			<button0>
				<event>MASTER_BATTERY_SET</event>
				<axis_link></axis_link>
				<is_switch>True</is_switch>
			</button0>
			<button1>
				<event>ALTERNATOR_SET</event>
				<axis_link></axis_link>
				<is_switch>True</is_switch>
			</button1>
			<button2>
				<event>AVIONICS_MASTER_SET</event>
				<axis_link></axis_link>
				<is_switch>True</is_switch>
			</button2>
			<button3>
				<event>PITOT_HEAT_SET</event>
				<axis_link></axis_link>
				<is_switch>True</is_switch>
			</button3>
			<button4>
				<event>WINDSHIELD_DEICE_SET</event>
				<axis_link></axis_link>
				<is_switch>True</is_switch>
			</button4>
		</aircraft>
	</joystick>
</root>
